20201231,2020-12-31,Cloture du compte,CL,626,,,Cloture du compte,0,45
20201231,2020-12-31,Cloture des comptes de compte de resultat,CL,891,,,Cloture des comptes de compte de resultat,45,0
20201231,2020-12-31,Cloture du compte,CL,891,,,Cloture du compte,0,45
20201231,2020-12-31,Cloture du compte,CL,401,,,Cloture du compte,45,0
20210101,2021-01-01,Résultat de l'exercice précdent,AN,890,,,Résultat de l'exercice précdent,0,45
20210101,2021-01-01,Résultat de l'exercice précdent,AN,129,,,Résultat de l'exercice précdent,45,0
20210101,2021-01-01,A Nouveaux,AN,890,,,A Nouveaux,45,0
20210101,2021-01-01,A Nouveaux,AN,401,,,A Nouveaux,0,45
